Timestamp	Coder	id	Title	Level of disruption, Business damaging	Level of disruption, Business non-damaging	Level of disruption, Individual responsible	Level of disruption, Government or authority	Level of disruption, Public everyday	Level of disruption, Public damaging	Level of disruption, Caring	Level of disruption, Culture or sport	Activity being deliberately disrupted	Clarity, Number of Protesters	Number of protesters	Nature of disruption	Demographics	Demand	Location	Clarity, Visual appearance	Visual appearance costumes
4/30/2025 13:52:06	Asger	BBC_2020-09-04_Extinction-Rebellion-More_original.html	Extinction Rebellion: More than 300 arrested at London climate protests	None at all	None at all	None at all	A moderate amount	A lot	A lot	None at all	None at all	In the article protesters from XR blocked the traffic on Lambeth Bridge near the Houses of Parliament, where they locked themselves to the bridge. It is then further described how Animal Rebellion disrupted the road on Victoria Street by blocking it with a slaughterhouse truck painted pink, placed across. Some protesters (not explicitly connected to an organisation) also glued themselves to the ground around the Parliament, but it is not explicit whether it is on a road or on a pavement for example.	Enough information to inform a fairly confident judgement	301-1000	Blockade, Protesters physically attached to or on top of something	None of the above	XR demand that business as usual should stop and Animal Rebellion demand the reduction of animal farming	UK	Enough information to inform a fairly confident judgement	None of them
4/30/2025 14:13:37	Asger	BBC_2021-06-01_Hamble-BP-oil_summary.html	Hamble BP oil terminal entrance blocked by protesters	A little	None at all	None at all	None at all	A little	A little	None at all	None at all	A group of around 8 persons are blocking the tanker traffic in and out of the BP depot in Hamble. Two persons have locked their arms in oil barrels, and others are laying on the ground dressed up as cleaning persons. Finally a few stand with a banner and some color smoke.	A moderate amount of information that informs a reasonable judgement	4-10	Blockade, Protesters physically attached to or on top of something, Breaching a legal injunction	None of the above	<end the subsidies to the fossil fuel industry and accelerate the transition to renewables>	UK	Clear information that informs a full judgement	A small proportion of them
4/30/2025 14:27:28	Asger	BBC_2021-06-16_Euro-2020-_original.html	Euro 2020 - France 1-0 Germany: Several in hospital after parachute protest	None at all	None at all	None at all	None at all	A little	A little	None at all	A lot	A parachuter representing Greenpeace disrupts a international football match between Germany and France. He was meant to "fly over" the stadium to throw a symbolic statement in the form of a light ball wuth a message, but ends up craching in some wires at the stadium, and undeliberately hurts "several people" in the protest.	Clear information that informs a full judgement	1	Interrupting an event or speech	None of the above	<Volkswagen "to do more to protect the climate">	non-UK	No information that informs any judgement (skip next question)	
4/30/2025 14:38:36	Asger	BBC_2021-07-16_Extinction-Rebellion-protesters_original.html	Extinction Rebellion protesters guilty of obstructing highway	A great deal	None at all	None at all	None at all	A little	A little	None at all	None at all	Protesters blocked a highway by mounting a tall bamboo structure, causing millions of newspapers from a printing plant to be blocked from being distributed.	Enough information to inform a fairly confident judgement	4-10	Blockade, Protesters physically attached to or on top of something	None of the above	No identifiable demand	UK	No information that informs any judgement (skip next question)	
4/30/2025 14:52:48	Asger	BBC_2021-08-23_Extinction-Rebellion-erects_summary.html	Extinction Rebellion erects table in Covent Garden	None at all	None at all	None at all	None at all	A moderate amount	None at all	None at all	None at all	A huge table has been placed in Covent Garden with a demonstration surrounding the center piece table. The protest is blocking cars.	A small amount of information that informs a very rough judgement	301-1000	Blockade, Protesters physically attached to or on top of something	None of the above	<government stops using fossil fuels>	UK	No information that informs any judgement (skip next question)	
4/30/2025 15:03:13	Asger	BBC_2021-09-24_Extinction-Rebellion-Paralympian_summary.html	Extinction Rebellion: Paralympian James Brown jailed for plane glue stunt	A moderate amount	None at all	None at all	None at all	None at all	A little	None at all	None at all	An visually impaired man glues his hand and attaches it to the roof of an British Airways plane, while wedging his phone in the door to prevent it from closing. 300 passengers were disrupted as well as British Airways losing 40.000 Pounds.	Clear information that informs a full judgement	1	Protesters physically attached to or on top of something	None of the above	<draw attention to the climate crisis>	UK	No information that informs any judgement (skip next question)	
4/30/2025 15:08:37	Asger	BBC_2021-09-27_Insulate-Britain-M25_summary.html	Insulate Britain: M25 targeted near Heathrow as activists stage protest	None at all	None at all	None at all	A moderate amount	A moderate amount	None at all	None at all	None at all	A total of 53 Insulate London blocked a conjunction near the M25, and doing this they defied an court injuction. 	Clear information that informs a full judgement	31-100	Blockade, Breaching a legal injunction	None of the above	<The group, an offshoot of Extincition Rebellion, is calling for the government to insulate homes in the UK to help cut carbon emissions.>	UK	No information that informs any judgement (skip next question)	
4/30/2025 15:13:34	Asger	BBC_2021-10-28_COP26-protesters-planning_summary.html	COP26 protesters planning high-impact disruption	None at all	None at all	None at all	A great deal	A moderate amount	None at all	None at all	A great deal	Extinction Rebellion plans to facilitates widespread "deliberative disruption" protests during the upcoming COP26 summit in Glasgow. The best estimate of attendance is a significant 100,000 people.	A moderate amount of information that informs a reasonable judgement	More than 1000	Blockade, Interrupting an event or speech	None of the above	<world leaders to take urgent action on the climate emergency>	UK	No information that informs any judgement (skip next question)	
4/30/2025 15:18:28	Asger	BBC_2021-11-15_Drax-train-protester_original.html	Drax train protester released on bail	None at all	None at all	None at all	None at all	None at all	None at all	None at all	None at all	A protestor from XR climbed a train full of wood pellets bound for Axe Drax and waved a flag with XR logo on. The plant was burning wood pellets. 	Clear information that informs a full judgement	1	Protesters physically attached to or on top of something	None of the above	<Axe Drax said it wanted "to send a clear message" about ending deforestation to world leaders at the conference (red. COP26)>	UK	Clear information that informs a full judgement	Most or all of them
4/30/2025 15:23:49	Asger	BBC_2021-11-18_Extinction-Rebellion-Summer_original.html	Extinction Rebellion: Summer protests cost Met £18m to police	None at all	None at all	None at all	A great deal	A moderate amount	None at all	None at all	None at all	The Met police had a total cost of over £18m during XR protests over the Summer, where protesters were arrested for assaulting police and doing criminal damage.	A moderate amount of information that informs a reasonable judgement	More than 1000	Blockade	None of the above	No identifiable demand.	UK	No information that informs any judgement (skip next question)	
4/30/2025 15:29:53	Asger	BBC_2022-04-14_What-is-Extinction_summary.html	What is Extinction Rebellion and what does it want?	None at all	None at all	None at all	A great deal	A moderate amount	None at all	None at all	None at all	Meta-article on XR describing who they are, and what they want. The types of disruptions XR enacts are exemplified with blockades and using glue to attach oneselves to physical objects. It is hard to say the amount of people described to take part in disruptions, as they don't summarize over a well-defined period.	A small amount of information that informs a very rough judgement	301-1000	Blockade, Protesters physically attached to or on top of something	None of the above	<Government must tell the truth by declaring a climate and ecological emergency.><2. Government must act now to halt biodiversity loss and reduce greenhouse gas emissions to net zero by 2025.><3. Government must create and be led by the decisions of a Citizens' Assembly on climate and ecological justice.>	UK	A small amount of information that informs a very rough judgement	A small proportion of them
5/1/2025 9:31:23	Asger	BBC_2022-04-30_Just-Stop-Oil_original.html	Just Stop Oil protests: Four charged over M25 services damage	A lot	None at all	None at all	None at all	A little	A little	None at all	None at all	The activity being targeted for disruption is gas fueling, allowing you to drive car, where there is a CO2 emission.	Clear information that informs a full judgement	31-100	Vandalism (costly or permanent damage), Protesters physically attached to or on top of something	None of the above	No identifable demand	UK	No information that informs any judgement (skip next question)	
5/1/2025 9:55:22	Asger	BBC_2022-05-16_Greenpeace-activists-in_summary.html	Greenpeace activists in Essex arrested blocking oil tanker	A moderate amount	None at all	None at all	None at all	None at all	None at all	None at all	None at all	The disruption is targeted against an oil tanker that carries fuel, which allegedly is used for war purposes.	Enough information to inform a fairly confident judgement	11-30	Blockade	None of the above	<"The UK's attachment to fossil fuels has backfired in the worst way possible [...] It has to stop.">	UK	No information that informs any judgement (skip next question)	
5/1/2025 13:16:45	Asger	BBC_2022-10-30_Do-not-intervene_summary.html	Do not intervene with Just Stop Oil protests, Met urges	None at all	None at all	None at all	None at all	A moderate amount	None at all	None at all	None at all	Protesters block 4 roads in central London by sitting on the roads, thus blocking city-traffic from passing by.	Clear information that informs a full judgement	31-100	Blockade	None of the above	<Do not intervene with Just Stop Oil protests, Met urges.>	UK	No information that informs any judgement (skip next question)	
5/1/2025 13:23:11	Asger	BBC_2022-11-11_Just-Stop-Oil_summary.html	Just Stop Oil: M25 protests to be halted	None at all	None at all	None at all	None at all	A moderate amount	None at all	None at all	None at all	58 people from Just Stop Oil were charged of blocking parts of the M25 - protest that lasted over 4 days. During the protests the protesters climbed on overhead gantris.	Clear information that informs a full judgement	31-100	Blockade, Protesters physically attached to or on top of something	None of the above	<The Just Stop Oil spokesperson called on Prime Minister Rishi Sunak to consider his statement at COP27 regarding the catastrophic threat of global heating and the moral and economic imperative to honor climate pledges.>	UK	No information that informs any judgement (skip next question)	
5/1/2025 13:30:07	Asger	BBC_2023-01-16_Climate-hactivists-subvert_original.html	Climate hactivists subvert Bristol Billboards with spoof ads	A moderate amount	None at all	None at all	None at all	None at all	None at all	None at all	None at all	A group called The Brandalism Group perform a tactic called "subvertising", where they have changed the outlook of 400 billboards to put focus on car manufactors promotong fossil cars.	Clear information that informs a full judgement	11-30	Temporary physical alterations (e.g. washable blood)	None of the above	<The 11 artists involved in the Bristol billboard takeover said the project draws attention to how advertising seeks to sell us more cars, despite the accelerating impacts of climate breakdown.>	UK	No information that informs any judgement (skip next question)	
5/1/2025 13:38:28	Asger	Daily-Mail_2020-09-08_Priti-Patel-brands_summary.html	Priti Patel brands Extinction Rebellion protesters 'eco-crusaders turned criminals' as she vows crackdown on 'guerrilla tactics'	A lot	None at all	None at all	None at all	A moderate amount	A moderate amount	A little	None at all	The disruption of placing a bamboo tower on a highway caused a road blockage including halting ambulances. Furthermore, the blockage resulted in printing press blockade, as a great amount of newspapers were not able to be delivered.	A small amount of information that informs a very rough judgement	4-10	Blockade, Protesters physically attached to or on top of something	None of the above	No identifiable demand.	UK	No information that informs any judgement (skip next question)	
5/1/2025 13:51:08	Asger	Daily-Mail_2021-07-16_Six-Extinction-Rebellion_summary.html	Six Extinction Rebellion protestors are let off with £150 slap on the wrists for blockading national newspaper printing press in demo that stopped 3.5m papers reaching readers	A lot	None at all	None at all	None at all	A moderate amount	None at all	None at all	None at all	XR activists obstruct the highway in order to blockade a national newspaper production plant. 	Enough information to inform a fairly confident judgement	31-100	Blockade, Protesters physically attached to or on top of something	None of the above	<Extinction Rebellion [...] will "continue to demand that the press tell the truth about the climate and ecological emergency.">	UK	No information that informs any judgement (skip next question)	
5/1/2025 13:58:17	Asger	Daily-Mail_2021-09-19_Ringleader-of-Insulate_summary.html	Ringleader of Insulate Britain's M25 eco mob 'lives in house that uses gas central heating, is single glazed and has no insulation in cavity walls'	None at all	None at all	None at all	None at all	A moderate amount	None at all	None at all	None at all	80 activists blocked M25 on three days in a week by sitting on it and gluing themselves to the road.	Enough information to inform a fairly confident judgement	31-100	Blockade, Protesters physically attached to or on top of something	None of the above	<Government to pay for all social housing to be fully insulated.>	UK	No information that informs any judgement (skip next question)	
5/1/2025 14:10:18	Asger	Daily-Mail_2022-10-04_EXCLUSIVE-I-was_summary.html	EXCLUSIVE 'I was just trying to get to work!' Rob Beckett is mistaken for Stop The Oil ringleader after hapless comic is caught up in rowdy eco-protest while racing to a London studio	None at all	None at all	None at all	None at all	A lot	None at all	None at all	None at all	Protesters from JSO blocked by lying on four key bridges bringing causing significant traffic issues in central London closing roads and public transportation.	Enough information to inform a fairly confident judgement	31-100	Blockade	None of the above	<"Government [...] to meet our demand [...] by stopping new oil and gas.">	UK	No information that informs any judgement (skip next question)	
5/1/2025 14:20:40	Asger	Daily-Mail_2022-10-17_Legal-fees-vicar_summary.html	Legal fees, vicar? Reverend, 63, who was jailed for Just Stop Oil protest outside fuel terminal - breaking a court injunction - launches fundraiser to pay £2,000 bill	A moderate amount	None at all	None at all	None at all	A lot	None at all	None at all	None at all	The vicar Mark Coleman has participated in a blockage of the Kingsbury oil terminal, and it is further noted how he has been part of blockage, where he has glued himself to the road.	A moderate amount of information that informs a reasonable judgement	31-100	Blockade, Protesters physically attached to or on top of something, Breaching a legal injunction	Having unusual occupation, Very old	UK Government to stop their plans for new oil and gas.	UK	A moderate amount of information that informs a reasonable judgement	A small proportion of them
5/1/2025 14:27:22	Asger	Daily-Mail_2023-01-22_Leftwing-activists-slam_summary.html	Left-wing activists slam Ryan Gosling's movie The Fall Guy for closing down Sydney Harbour Bridge - after climate protester was sent to jail for eight months for blocking the expressway	None at all	None at all	None at all	None at all	A moderate amount	None at all	None at all	None at all	Protestor Deanna 'Violet' Coco blocked one lane of a five-lane highway on a bridge. She put a truck to a hold, climbed it and lit an emergency flare, while livestreaming it.	Enough information to inform a fairly confident judgement	1	Blockade, Protesters physically attached to or on top of something	None of the above	No identifiable demand	non-UK	No information that informs any judgement (skip next question)	
5/1/2025 15:58:06	Asger	ITV_2021-11-03_COP26-Arrests-made_summary.html	COP26: Arrests made as Extinction Rebellion block roads and protest outside Glasgow banks	None at all	A little	None at all	A little	A moderate amount	None at all	None at all	A moderate amount	Different disruption are described as done by XR during the COP26. They blocks roads in Glasgow, they congregate around JP Morgen bank, and they put paint on police officers.	A small amount of information that informs a very rough judgement	301-1000	Temporary physical alterations (e.g. washable blood), Blockade, Interrupting an event or speech	None of the above	<COP26: Arrests made as Extinction Rebellion block roads and protest outside Glasgow banks>	UK	No information that informs any judgement (skip next question)	
5/1/2025 16:05:24	Asger	Metro_2021-04-23_Extinction-Rebellion-protesters_summary.html	Extinction Rebellion protesters cleared by jury despite ‘no defence in law’	A lot	None at all	None at all	None at all	None at all	None at all	None at all	None at all	Activists from XR made a protest at Shell's London HQ, and pouring fake oil, gluing themselves onto windows and doors, breaking glass, climbing onto a roof, and spraying grafitti on the building.	A moderate amount of information that informs a reasonable judgement	4-10	Temporary physical alterations (e.g. washable blood), Vandalism (costly or permanent damage), Blockade, Protesters physically attached to or on top of something	None of the above	They demand Shell to stop their fossil operations.	UK	No information that informs any judgement (skip next question)	
5/1/2025 16:09:56	Asger	Metro_2022-04-10_Extinction-Rebellion-block_summary.html	Extinction Rebellion block bridges as protest chaos returns to London	None at all	None at all	None at all	None at all	A moderate amount	None at all	None at all	None at all	Blocking two bridges in central London, and doing a sit-down protest preventing traffic from crossing.	A moderate amount of information that informs a reasonable judgement	101-300	Blockade	None of the above	<"... our disruption will not stop until the fossil fuel economy comes to an end,">	UK	No information that informs any judgement (skip next question)	None of them
5/1/2025 16:14:01	Asger	Metro_2022-07-05_Gary-Lineker-and_summary.html	Gary Lineker and Martin Brundle clash over British Grand Prix protestors	A moderate amount	None at all	None at all	None at all	A little	None at all	None at all	A moderate amount	JSO activists disrupts a Formel-1 race at Silverstone by breaking into the circuit and sitting on it.	A moderate amount of information that informs a reasonable judgement	4-10	Blockade, Interrupting an event or speech	None of the above	No identifiable demand	UK	No information that informs any judgement (skip next question)	
5/1/2025 16:18:51	Asger	Mirror_2021-10-04_Extinction-Rebellion-founder_summary.html	Extinction Rebellion founder admits he would block ambulance carrying dying patient	None at all	None at all	None at all	None at all	A moderate amount	None at all	A little	None at all	Protestors from XR glued themselves to and blocked both sides of the Blackwall Tunnel.	A moderate amount of information that informs a reasonable judgement	31-100	Blockade, Protesters physically attached to or on top of something	None of the above	No identifiable demand	UK	No information that informs any judgement (skip next question)	
5/1/2025 16:26:31	Asger	Mirror_2022-04-03_LBC-chaos-as_summary.html	LBC chaos as Just Stop Oil protester glues himself to microphone and refuses to leave	None at all	A moderate amount	A moderate amount	None at all	A little	None at all	None at all	None at all	A protestor glued himself to a studio-microphone during an interview in the radio, disrupting the LBC host Tom Swarbrick, forcing him to change studios to continue his radiop show.	Enough information to inform a fairly confident judgement	1	Interrupting an event or speech, Protesters physically attached to or on top of something	None of the above	The protest demanded that LBC acknowledged their responsbility of being a big platform with a lot of audience, and start informing their audience about the climate crisis.	UK	No information that informs any judgement (skip next question)	
5/1/2025 16:35:29	Asger	Sky_2021-09-13_M25-traffic-78_summary.html	M25 traffic: 78 arrested and drivers delayed after climate activists block parts of motorway in rush hour	None at all	None at all	None at all	None at all	A moderate amount	None at all	None at all	None at all	Protesters from Insulate Britain blocked the M25 at five conjunctions causing a blockage of traffick, but allowing ambulances to get through.	Enough information to inform a fairly confident judgement	31-100	Blockade	None of the above	<They demand that the government make a meaningful commitment to insulate Britain&#x27;s 29 million leaky homes, which they claim are some of the oldest and most inefficient in Europe.>	UK	No information that informs any judgement (skip next question)	None of them
5/1/2025 16:42:09	Asger	Sky_2021-10-01_Insulate-Britain-activists_summary.html	Insulate Britain activists arrested on motorways during tenth day of protests in three weeks	None at all	None at all	None at all	None at all	A moderate amount	None at all	None at all	None at all	Protesters from Insulate Britain blocked two conjunctions at M1 and M4 by gluing themselves to the road, and also forming human chains. They also breached an injunction in the act.	Enough information to inform a fairly confident judgement	31-100	Blockade, Protesters physically attached to or on top of something, Breaching a legal injunction	None of the above	<Insulate Britain wants the government to insulate and retrofit homes across the UK to cut climate emissions. It has pledged to continue its actions until the government makes "a meaningful statement indicating that they will insulate all of Britain's 29 million leaky homes by 2030">	UK	No information that informs any judgement (skip next question)	
5/1/2025 16:47:12	Asger	Sky_2022-07-05_Climate-protesters-glue_summary.html	Climate protesters glue themselves to John Constable masterpiece	None at all	A moderate amount	None at all	None at all	A little	None at all	None at all	A moderate amount	Two protesters from JSO attached attached their own image of an apocalyptic future to the painting "A Hay Wain". Just after they glued their hands to the frame of the picture.	Enough information to inform a fairly confident judgement	2-3	Temporary physical alterations (e.g. washable blood), Vandalism (costly or permanent damage), Protesters physically attached to or on top of something	Student	<The protesters called for an end to new oil and gas licences in the North Sea.>	UK	Enough information to inform a fairly confident judgement	Most or all of them
5/1/2025 16:53:26	Asger	Sky_2022-10-17_Dartford-Crossings-QE2_summary.html	Dartford Crossing's QE2 bridge closed by Just Stop Oil protesters	None at all	None at all	None at all	None at all	A lot	None at all	None at all	None at all	Two protesters from JSO hung themselves in the top of the cables of the QE2 bridge. This caused a blockage of traffic for two hours, during the complex rescure of the climbers.	Enough information to inform a fairly confident judgement	2-3	Protesters physically attached to or on top of something	None of the above	<"to demand that the government halts all new oil and gas licences and consents.">	UK	No information that informs any judgement (skip next question)	
5/1/2025 16:59:30	Asger	Sky_2023-04-17_Just-Stop-Oil_summary.html	Just Stop Oil protesters arrested after halting play at World Snooker Championship	None at all	A little	None at all	None at all	A little	None at all	None at all	A moderate amount	Two protesters form JSO forced a stoppage of two snooker games in the World Snooker Championship by jumping on the table and throwing orange dye on to the green table cloth.	Enough information to inform a fairly confident judgement	2-3	Temporary physical alterations (e.g. washable blood), Blockade, Interrupting an event or speech	None of the above	<... the protesters are demanding that the government immediately stop all new UK fossil fuel projects.>,<... calling on UK sporting institutions to step into civil resistance against the government's policies, which they describe as "genocidal".>	UK	No information that informs any judgement (skip next question)	
5/1/2025 17:06:38	Asger	Sun_2021-09-13_ROAD-TO-HELL_summary.html	ROAD TO HELL M25 traffic: More than 90 Extinction Rebellion-style eco-warriors arrested after causing FIVE hours of queues	None at all	None at all	None at all	None at all	A moderate amount	None at all	None at all	None at all	Protesters from XR made a road blockage on M25 by sitting down on the road in five junctions, and by this blocking traffic from passing by.	A moderate amount of information that informs a reasonable judgement	31-100	Blockade	Unemployed	They want the government and Boris Johnson specifically to take actions against the climate crisis.	UK	No information that informs any judgement (skip next question)	
5/1/2025 17:13:08	Asger	Sun_2021-10-18_ROAD-RAGE-Dramatic_summary.html	ROAD RAGE Dramatic moment furious motorist in Range Rover drives into Insulate Britain protesters blocking the road	None at all	None at all	None at all	None at all	A little	None at all	None at all	None at all	Protesters from Insulate Britain makes a sit-down road blockage near an industrial estate. 	Enough information to inform a fairly confident judgement	2-3	Blockade	None of the above	<The group is demanding that the UK Government implement policy and funding for a national home insulation programme, starting with social housing.>	UK	No information that informs any judgement (skip next question)	
5/1/2025 17:18:24	Asger	Sun_2022-11-07_LOVEDUP-Just-Stop_summary.html	LOVED-UP Just Stop Oil ‘mastermind’ Roger Hallam pledged to ‘organise the coming revolution’ with lover half his age	None at all	None at all	None at all	None at all	A moderate amount	None at all	None at all	None at all	Protesters from JSO climbed gantries over the M25 at 13 locations, and locked and glued themselves to the constructions. 	A moderate amount of information that informs a reasonable judgement	31-100	Blockade, Protesters physically attached to or on top of something	Student	No identifiable demand	UK	No information that informs any judgement (skip next question)	
5/1/2025 17:26:30	Asger	Telegraph_2021-02-13_I-wont-rest_summary.html	‘I won’t rest until my daughter is safe and out of that tunnel’	None at all	A moderate amount	None at all	None at all	None at all	None at all	None at all	None at all	A group of 7 protesters is disrupting the contruction of HS2 - a high-speed railway - by hiding in a makeshift tunnel.	Enough information to inform a fairly confident judgement	4-10	Blockade	Private-school educated	To stop the construction of a fast-train network, as its construction requires a huge amount of carbon.	UK	No information that informs any judgement (skip next question)	
5/1/2025 17:31:17	Asger	Telegraph_2021-10-08_Insulate-Britain-protester_summary.html	Insulate Britain protester Cameron Ford admits 'I'm not perfect' after photos emerge of his 10,000-mile holiday	None at all	None at all	None at all	None at all	A moderate amount	None at all	None at all	A little	A series of protests has disrupted the traffic on M25 in several occasions. No description of how the disruption exactly turned out is given, but likely a blockade.	A small amount of information that informs a very rough judgement	31-100	Blockade	None of the above	<Insulate Britain, a group demanding that the government insulate all social housing in Britain by 2025 and retrofit all homes with improved insulation by 2030.>	UK	No information that informs any judgement (skip next question)	
5/1/2025 17:36:19	Asger	Telegraph_2022-10-16_Just-Stop-Oil_summary.html	Just Stop Oil protesters spray paint over Aston Martin showroom and block Park Lane	A moderate amount	None at all	None at all	None at all	A moderate amount	None at all	None at all	None at all	Activists from JSO has sprayed orange paint over an Aston Martin showroom. Furthermore, it is described how they on the 16th consecutive disruption-campain has blocked the Park Lane in London by gluing themselves to the tarmac or by locking themselves together. It is also described how they are defying an injunction.	A moderate amount of information that informs a reasonable judgement	301-1000	Vandalism (costly or permanent damage), Blockade, Protesters physically attached to or on top of something, Breaching a legal injunction	Having unusual occupation	<The activists are calling for the Government to halt all new oil and gas licences and consents.>	UK	No information that informs any judgement (skip next question)	
5/2/2025 10:18:24	Asger	The-Guardian_2020-09-01_Police-arrest-dozens_summary.html	Police arrest dozens of Extinction Rebellion protesters in London	None at all	None at all	None at all	A moderate amount	A moderate amount	None at all	None at all	None at all	Four XR groups blocked central London specifically targeting Parliament Square and Westminister in order to disrupt MPs returning back after summer recess. This also blocks the trafic.	A small amount of information that informs a very rough judgement	301-1000	Blockade, Interrupting an event or speech	None of the above	<the group kicked off 10 days of civil disobedience to demand government action on the climate crisis.>,<demanding MPs back what they have described as the climate and ecological emergency bill.>	UK	No information that informs any judgement (skip next question)	
5/2/2025 10:26:19	Asger	The-Guardian_2021-04-23_Jury-acquits-Extinction_summary.html	Jury acquits Extinction Rebellion protesters despite ‘no defence in law’	A moderate amount	None at all	None at all	None at all	None at all	None at all	None at all	None at all	Protesters from XR deliberately caused criminal damage to the Shell's London HQ, and the protesters poured fake oil, glue themselved to the building, broke glass, climbed onto the roof and made graffiti.	A moderate amount of information that informs a reasonable judgement	101-300	Vandalism (costly or permanent damage), Blockade, Protesters physically attached to or on top of something	None of the above	They want Shell to stop their fossil fuel operations, and urge the Government to take action against the climate crisis.	UK	No information that informs any judgement (skip next question)	
5/2/2025 10:32:56	Asger	The-Guardian_2021-09-27_Climate-activists-block_summary.html	Climate activists block M25 for sixth time in fortnight over insulation	None at all	None at all	None at all	None at all	A moderate amount	None at all	None at all	None at all	Protesters from Insulate Britain blocked the M25 - defying an injunction - by sitting on the road and gluing themselves to harmacs and barriers on a sliproad. The disruption durated aorund 90 minutes.	Enough information to inform a fairly confident judgement	31-100	Blockade, Protesters physically attached to or on top of something	Having unusual occupation	Insulate Britian want to pressure the British Government to insulate British homes to a larger degree.	UK	A small amount of information that informs a very rough judgement	A small proportion of them
5/2/2025 10:51:30	Asger	The-Guardian_2022-10-15_It-was-terrifying_summary.html	‘It was terrifying’: Stop Oil activists on the new battle against fossil fuel	A little	None at all	None at all	A little	A moderate amount	None at all	None at all	A moderate amount	The article focus on protesters from JSO block roads close to Waterloo by doing a sit-down and gluing themselves to the road. Furthermore, a picture shows to protesters throwing orange paint on a museum painting, and finally a photo shows a women thowing orange painting on a bug Scotland Yard sign outside of the Scotland Yard building.	A moderate amount of information that informs a reasonable judgement	11-30	Blockade, Protesters physically attached to or on top of something	Having unusual occupation	<Their demand is simple: that the government agree to a moratorium on all new oil and gas projects, in line with a recommendation by the International Energy Agency.>	UK	A small amount of information that informs a very rough judgement	A small proportion of them
5/2/2025 10:57:24	Asger	The-Guardian_2022-10-19_Do-we-really_summary.html	Do we really care more about Van Gogh’s sunflowers than real ones?	None at all	None at all	None at all	None at all	A little	None at all	None at all	A moderate amount	Two protesters from JSO threw orange painting onto the glass protection of Van Gogh's Sunflower painting, and they furthermore glued their hands to the wall next to the painting.	Enough information to inform a fairly confident judgement	2-3	Vandalism (costly or permanent damage), Protesters physically attached to or on top of something	None of the above	British Government to stop the licensing of new oil and gas drills.	UK	No information that informs any judgement (skip next question)	
5/2/2025 11:05:10	Asger	The-Guardian_2023-01-19_Spoof-billboard-ads_summary.html	Spoof billboard ads take aim at BMW and Toyota over ‘going green’ claims	A moderate amount	None at all	None at all	None at all	None at all	None at all	None at all	None at all	The group Brandalism made use of subvertising and replaced more than 400 advertising billboards across Belgium, France, Germany and England with depiction of cars from BMW and Toyota in a dystopic climate crisis future. 	A small amount of information that informs a very rough judgement	101-300	Vandalism (costly or permanent damage)	None of the above	<... a call for greater government regulation of "environmentally harmful products" to prevent polluters making "misleading green claims.>	Multiple protests in UK and elsewhere	No information that informs any judgement (skip next question)	
5/2/2025 11:25:27	Asger	The-Guardian_2023-01-31_Greenpeace-protesters-board_summary.html	Greenpeace protesters board Shell platform bound for Shetland	A moderate amount	None at all	None at all	None at all	None at all	None at all	None at all	None at all	Four Greenpeace activist boarded a Shell drilling platform being transported to an oil field, and occupied it while raising a banner stating that Shell should stop drilling. 	A moderate amount of information that informs a reasonable judgement	11-30	Blockade	None of the above	<The protesters are demanding action against the climate devastation around the world "caused by Shell and the wider fossil fuel industry, without paying a penny towards loss and damage".>	UK	No information that informs any judgement (skip next question)	
5/2/2025 11:31:30	Asger	The-Times_2021-08-23_Officers-mobilised-as_summary.html	Officers mobilised as Extinction Rebellion protests kick off in Trafalgar Square	None at all	None at all	None at all	None at all	A moderate amount	None at all	None at all	None at all	Up to 1000 activists marched to Covent Garden where they put up a blockade in the form of a 13ft high big pink table. Protesters lock themselves to the table, and to suitcases filled with concrete on ground around the table. 	A moderate amount of information that informs a reasonable judgement	More than 1000	Blockade, Protesters physically attached to or on top of something	None of the above	Protesters want the British Government to "come to the table" in order to prevent the climate crisis.	UK	No information that informs any judgement (skip next question)	
5/2/2025 11:38:09	Asger	The-Times_2021-09-25_Chaos-This-is_summary.html	Chaos? This is nothing, warns Cambridge graduate who brought M25 to standstill	None at all	None at all	None at all	None at all	A moderate amount	None at all	None at all	None at all	An activist part of Insulate Britain is reported to participate in several M25 blockages, and a photo shows her being removed from the roof of a train.	A small amount of information that informs a very rough judgement	101-300	Blockade, Protesters physically attached to or on top of something	Student, Having unusual occupation	No identifiable demand	UK	No information that informs any judgement (skip next question)	
5/2/2025 11:43:33	Asger	The-Times_2022-04-15_Just-Stop-Oil_summary.html	Just Stop Oil protester: I don’t care if I’m the most hated man in Britain — I’ll ruin my life to give others a future	None at all	None at all	None at all	None at all	A little	None at all	None at all	None at all	A protestor from JSO is described to have intervened a Premier League football match by tying himself to the goalpost. 	Enough information to inform a fairly confident judgement	1	Interrupting an event or speech, Protesters physically attached to or on top of something	Student	<force firmer action by Boris Johnson, whom he accuses of "green-washing" by launching soft-touch climate policies.>	UK	No information that informs any judgement (skip next question)	
5/7/2025 13:37:33	Asger	Daily-Mail_2023-04-10_Thats-the-way_summary.html	That's the way to deal with them! Dramatic moment security guards wrestle two Just Stop Oil activists to the floor after they leapt over barricades in failed bid to stage stunt at Dippy the dinosaur exhibit in Coventry	None at all	A little	None at all	None at all	A little	None at all	None at all	A little	Two activists from JSO attempted to spray paint on a Dinosaur-replica exhibited on the Herbert Art Gallery & Museum in Convetry, but were stopped before they managed to do so. 	Clear information that informs a full judgement	2-3	Vandalism (costly or permanent damage)	Student	<Just Stop Oil demanded that the government stop all new UK fossil fuel projects and called on employees and directors of UK cultural institutions to join in civil resistance against the government's policies.>	UK	No information that informs any judgement (skip next question)	None of them