Timestamp	Coder	id	Title	Level of disruption, Business damaging	Level of disruption, Government or authority	Level of disruption, Public everyday	Level of disruption, Culture or sport	Activity being deliberately disrupted	Clarity, Number of Protesters	Number of protesters	Nature of disruption	Demand	Issue bundling	Issue	Portrayal	Comments - flag anything you found difficult to code	Clarity, level of disruption
10/28/2025 9:25:01	Ró	BBC_2020-09-04_Extinction-Rebellion-More_original.html	Extinction Rebellion: More than 300 arrested at London climate protests	None at all	None at all	A moderate amount	None at all	"Traffic. The article describes that Lambeth Bridge has ""since reopened to traffic"". Furthermore, the article describes a slaughterhouse truck that was parked sideways across Victoria Street. The article also describes that protesters also glued themselves and staged sit-ins around the Parliament, but does not describe the level of disruption that this caused."	Enough information to inform a fairly confident judgement	301-1000	Blockade, Protesters physically attached to or on top of something	"< Extinction Rebellion said it wants the government to declare a climate and ecological emergency, reduce greenhouse gas emissions to net zero by 2025 and establish a ""citizens' assembly on climate and ecological justice"". >"	Other issues, slightly beyond environment	"The image of the slaughterhouse truck links animal farming to ""Pandemics & Climate Crisis"""	Neutral (e.g. simply reporting on the disruption, protesters, or message)	"The level of disruption was a bit difficult to code, as it is not described that deeply; only that ""traffic has since reopened""."	
10/28/2025 9:40:08	Ró	BBC_2021-06-01_Hamble-BP-oil_summary.html	Hamble BP oil terminal entrance blocked by protesters	A moderate amount	None at all	None at all	None at all	Activists blocked the entrance to BP oil terminal; laid across the entrance; locked arms inside oil barrels; blocked road tanker traffic in and out of the Hamble terminal that supplied fuel to service stations across the south of England.	A small amount of information that informs a very rough judgement	11-30	Blockade	"< James Hill, from Extinction Rebellion, said: ""The government continues to announce paper targets to reduce emissions but it is still business as usual for fossil fuel companies. This is incompatible with the urgent need for a rapid transition away from fossil fuels to limit global heating to 1.5 degrees."" > < Mr Hill called ""on the government to stop the greenwash"" and ""end the subsidies to the fossil fuel industry and accelerate the transition to renewables"". >"	No other issues (skip next question)		Neutral (e.g. simply reporting on the disruption, protesters, or message)	I found it a bit difficult to code the amount of activists present, as the only information about this is from the pictures in the article.	
10/28/2025 9:46:32	Ró	BBC_2021-06-16_Euro-2020-_original.html	Euro 2020 - France 1-0 Germany: Several in hospital after parachute protest	None at all	None at all	None at all	A lot	Activist parachuted into the Allianz Arena during a football match between France and Germany; debris fell into the pitch and stands; the man landed on the pitch; two persons were injured.	Clear information that informs a full judgement	1	Temporary physical alterations (e.g. washable blood) or vandalism (costly or permanent damage), Interrupting an event or speech	"< He had the words ""Kick out oil Greenpeace"" written on his parachute >< Greenpeace campaigner Benjamin Stephan said the plan was to ""fly over"" the stadium and release a light ball with a message encouraging German car manufacturer Volkswagen ""to do more to protect the climate"". >"	No other issues (skip next question)		Neutral (e.g. simply reporting on the disruption, protesters, or message)		
10/28/2025 9:55:45	Ró	BBC_2023-01-16_Climate-hactivists-subvert_original.html	Climate hactivists subvert Bristol Billboards with spoof ads	A lot	None at all	None at all	None at all	Activists hacked billboards in a protest against car adverts. Adverts were replaced with spoof adverts that targeted car companies.	Clear information that informs a full judgement	11-30	Temporary physical alterations (e.g. washable blood) or vandalism (costly or permanent damage)	< The Brandalism group claimed the hacking and local activists are calling for Bristol City Council to cut air pollution by restricting car adverts. > 	Other issues, slightly beyond environment	The objectification of women in car adverts	Somewhat sympathetic (e.g. quoting positive reactions, supporting the message with facts)	I found it a bit difficult to code the amount of activists present, as the article states that there were 11 activists present at the local level, but that the protest is part of a larger network.	
10/28/2025 10:03:58	Ró	The-Guardian_2020-09-01_Police-arrest-dozens_summary.html	Police arrest dozens of Extinction Rebellion protesters in London	None at all	None at all	A little	None at all	Blocked roads and blocked traffic	Enough information to inform a fairly confident judgement	More than 1000	Blockade	"< as the group kicked off 10 days of civil disobedience to demand government action on the climate crisis. > < demanding MPs back what they have described as the ""climate and ecological emergency bill"". > "	No other issues (skip next question)		Neutral (e.g. simply reporting on the disruption, protesters, or message)		
10/28/2025 10:11:24	Ró	BBC_2021-09-24_Extinction-Rebellion-Paralympian_summary.html	Extinction Rebellion: Paralympian James Brown jailed for plane glue stunt	A lot	None at all	A lot	None at all	Activist glued himself on the roof of a British Airways plane as well as physically preventing the doors from closing, thus disrupting the scheduled plane.	Enough information to inform a fairly confident judgement	11-30	Protesters physically attached to or on top of something	"< Brown, who represented himself at trial, denied one count of causing a public nuisance, claiming he had ""to do something spectacular"" to draw attention to the climate crisis. > Otherwise, no concrete and identifiable demands."	No other issues (skip next question)		Somewhat hostile (e.g. quoting only negative reactions)		
10/28/2025 10:18:07	Ró	The-Guardian_2023-01-19_Spoof-billboard-ads_summary.html	Spoof billboard ads take aim at BMW and Toyota over ‘going green’ claims	A moderate amount	None at all	None at all	None at all	Activists put up spoof adverts targeting BMW and Toyota with the aim to expose the companies greenwashing. More than 400 advertising billboards and bus stops in Belgium, France, Germany and England.	No information that informs any judgement (skip next question)		Temporary physical alterations (e.g. washable blood) or vandalism (costly or permanent damage)	"< Tona Merriman, a spokesperson for Brandalism, said: ""Toyota have pushed their 'Beyond Zero' sustainability adverts whilst lobbying governments around the world to weaken air quality plans and threatening legal action to protect their profits over a livable climate. Their adverts are duplicitous.""  Brandalism said the pan-European subvertising actions were a call for greater government regulation of ""environmentally harmful products"" to prevent polluters making ""misleading green claims."" >"	No other issues (skip next question)		Neutral (e.g. simply reporting on the disruption, protesters, or message)		
10/28/2025 10:27:02	Ró	Sun_2022-11-07_LOVEDUP-Just-Stop_summary.html	LOVED-UP Just Stop Oil ‘mastermind’ Roger Hallam pledged to ‘organise the coming revolution’ with lover half his age	None at all	None at all	A moderate amount	None at all	"Activists glued and locked themselves on and to the M25. Otherwise, the article describes plans for the ""biggest demonstration in British history""."	No information that informs any judgement (skip next question)		Blockade, Protesters physically attached to or on top of something	No identifiable demand	No other issues (skip next question)		"Very hostile (e.g. calling protesters names like ""eco-zealots"")"		
10/28/2025 10:33:02	Ró	BBC_2021-09-27_Insulate-Britain-M25_summary.html	Insulate Britain: M25 targeted near Heathrow as activists stage protest	None at all	None at all	A moderate amount	None at all	Activists blocked part of the M25 at Heathrow Airport.	A small amount of information that informs a very rough judgement	31-100	Blockade	< The group, an offshoot of Extinction Rebellion, is calling for the government to insulate homes in the UK to help cut carbon emissions. They want heat-saving measures installed in social housing by 2025 and all homes by 2030. >	No other issues (skip next question)		Neutral (e.g. simply reporting on the disruption, protesters, or message)		
10/28/2025 10:39:35	Ró	The-Times_2021-09-25_Chaos-This-is_summary.html	Chaos? This is nothing, warns Cambridge graduate who brought M25 to standstill	None at all	None at all	A great deal	None at all	Blocking the M25. The article describes that the protest caused significant gridlock, risked fatal accidents and cost workers millions in lost earnings. Also, the article describes on report that states that a woman became paralysed due to delays in reaching the hospital after a stroke.	No information that informs any judgement (skip next question)		Blockade	No identifiable demand	No other issues (skip next question)		Somewhat hostile (e.g. quoting only negative reactions)		
10/28/2025 10:45:14	Ró	Metro_2021-04-23_Extinction-Rebellion-protesters_summary.html	Extinction Rebellion protesters cleared by jury despite ‘no defence in law’	A lot	None at all	None at all	None at all	The article describes a protest at Shell's headquarters in London, where activists poured fake oil, glued themselves to windows and doors, broke glass, climbed onto the roof and sprayed graffiti.	No information that informs any judgement (skip next question)		Temporary physical alterations (e.g. washable blood) or vandalism (costly or permanent damage)	< The protesters explained they had targeted the Shell building because the oil giant was directly contributing to climate change, thereby causing serious injury and death. They argued it was a 'necessary' and 'proportionate' response to the harm being caused. > - Otherwise, no concrete demands	No other issues (skip next question)		Neutral (e.g. simply reporting on the disruption, protesters, or message)		
10/30/2025 10:12:50	Ró	Sky_2021-09-13_M25-traffic-78_summary.html	M25 traffic: 78 arrested and drivers delayed after climate activists block parts of motorway in rush hour	None at all	None at all	A great deal	None at all	Activists blocked slip roads at multiple junctions, causing significant queues and delays.	Clear information that informs a full judgement	101-300	Blockade	< They demand that the government make a meaningful commitment to insulate Britain's 29 million leaky homes, which they claim are some of the oldest and most inefficient in Europe. >	No other issues (skip next question)		Somewhat hostile (e.g. quoting only negative reactions)	Perhaps the amount of protesters present was a bit difficult, as the article mentions that at least 78 persons were arrested and that slip roads were blocked from multiple junctions, which leads me to assume that there were quite many protesters present, but I am a bit unsure.	A moderate amount of information that informs a reasonable judgement
10/30/2025 10:22:08	Ró	Metro_2022-07-05_Gary-Lineker-and_summary.html	Gary Lineker and Martin Brundle clash over British Grand Prix protestors	A little	None at all	A little	A moderate amount	A British Grand Prix was disrupted by protestors who broke onto the track and sat down on the circuit.	A moderate amount of information that informs a reasonable judgement	4-10	Interrupting an event or speech	No identifiable demand	No other issues (skip next question)		Neutral (e.g. simply reporting on the disruption, protesters, or message)	Would Grand Prix racing be considered purely a sporting event or also a environmentally polluting business operation?	A moderate amount of information that informs a reasonable judgement
10/30/2025 10:44:49	Ró	Telegraph_2021-02-13_I-wont-rest_summary.html	‘I won’t rest until my daughter is safe and out of that tunnel’	A great deal	A lot	None at all	None at all	Protestors are hiding in tunnels beneath Euston Square Gardens in a protest against HS2. The article reports that the government has stated that the cost of tackling climate activists at HS2 sites has amounted to nearly 50 million pounds.	Enough information to inform a fairly confident judgement	4-10	Blockade	"No concrete demands are stated in the article from the protestors, however the protestor's father states that projects such as the HS2 should be cancelled due to it's environmentally polluting status: < He believes there is no place for a new fast train network requiring a huge amount of carbon. ""People are in denial; the world has changed – it's like the third runway at Heathrow and the coalmine in Cumbria – the sooner these projects are cancelled, the less money is wasted and the fewer lives are put at risk,"" he says. > "	No other issues (skip next question)		Somewhat sympathetic (e.g. quoting positive reactions, supporting the message with facts)		Clear information that informs a full judgement
10/30/2025 10:54:05	Ró	Sun_2021-09-13_ROAD-TO-HELL_summary.html	ROAD TO HELL M25 traffic: More than 90 Extinction Rebellion-style eco-warriors arrested after causing FIVE hours of queues	None at all	None at all	A great deal	None at all	Protestors blocked the M25, causing disruption at five junctions.	Clear information that informs a full judgement	101-300	Blockade	"< The climate change group wants the Government to ""make significant legislative change to start lowering emissions"". A spokesperson said they were taking action to demand Boris Johnson create hundreds of thousands of jobs and save lives. >"	No other issues (skip next question)		Somewhat hostile (e.g. quoting only negative reactions)	"I was a bit unsure of how to code the article's portrayal of the protest, as the article does include some potentially negative language such as ""eco-warriors"" (could be perceived as hostile), ""blonked themselves in the middle of the motorway"" and quoting negative reactions to the protest, while also featuring some protestor messages. "	A moderate amount of information that informs a reasonable judgement
10/30/2025 11:20:12	Ró	The-Guardian_2023-01-31_Greenpeace-protesters-board_summary.html	Greenpeace protesters board Shell platform bound for Shetland	A lot	A little	None at all	None at all	Greenpeace protestors boarded a Shell floating oil platform that was being transported to the Shetland Islands,	A moderate amount of information that informs a reasonable judgement	4-10	Blockade	"< The protesters are demanding action against the climate devastation around the world ""caused by Shell and the wider fossil fuel industry, without paying a penny towards loss and damage"". >"	No other issues (skip next question)		Neutral (e.g. simply reporting on the disruption, protesters, or message)	the amount of disruption that the boarding of the platform brought.	Clear information that informs a full judgement
10/30/2025 11:40:56	Ró	BBC_2022-05-16_Greenpeace-activists-in_summary.html	Greenpeace activists in Essex arrested blocking oil tanker	A great deal	A lot	None at all	None at all	Greenpeace activists blocked an oil tanker under suspicion that it contained shipments of Russian diesel.	Clear information that informs a full judgement	11-30	Blockade	"< The protesters unfurled banners that read ""oil fuels war"". > < they blocked it in protest at the UK government allowing fossil fuel money to fund the war in Ukraine. >"	Other issues, slightly beyond environment	The war in Ukraine	Neutral (e.g. simply reporting on the disruption, protesters, or message)	I was a bit unsure of how to code the question of other issues in this case, as the protest is quite directly linked to both protesting fossil fuels and how these are funding the war in Ukraine - how linked are the matters of fossil fuels and war here?	Enough information to inform a fairly confident judgement
10/30/2025 11:50:44	Ró	BBC_2021-07-16_Extinction-Rebellion-protesters_original.html	Extinction Rebellion protesters guilty of obstructing highway	A great deal	None at all	None at all	None at all	The highway/roads leading from Newsprinters was blocked by protestors from Extinction Rebellion, stopping three-and-a-half million national newspapers from being distributed across the country and causing an estimated 1 million pounds in losses.	Clear information that informs a full judgement	31-100	Blockade, Protesters physically attached to or on top of something	No identifiable demand	No other issues (skip next question)		Somewhat hostile (e.g. quoting only negative reactions)		Clear information that informs a full judgement
10/30/2025 11:57:33	Ró	Sky_2022-10-17_Dartford-Crossings-QE2_summary.html	Dartford Crossing's QE2 bridge closed by Just Stop Oil protesters	None at all	None at all	A great deal	None at all	Protestors climbed the QE2 bridge, causing significant traffic disruption through long queues and delays.	Clear information that informs a full judgement	2-3	Blockade, Protesters physically attached to or on top of something	"< Climate change activist group Just Stop Oil claimed responsibility, stating that two of its supporters had scaled the 84m-high masts on the north side of the bridge ""to demand that the government halts all new oil and gas licences and consents."" >"	No other issues (skip next question)		Neutral (e.g. simply reporting on the disruption, protesters, or message)		Clear information that informs a full judgement
10/30/2025 12:09:04	Ró	Daily-Mail_2022-10-04_EXCLUSIVE-I-was_summary.html	EXCLUSIVE 'I was just trying to get to work!' Rob Beckett is mistaken for Stop The Oil ringleader after hapless comic is caught up in rowdy eco-protest while racing to a London studio	None at all	None at all	A lot	None at all	Protestors occupied London bridges, blocking the roads, as such causing disruption to public and private transportation.	Clear information that informs a full judgement	101-300	Blockade	<  'We will continue in civil resistance until this government takes immediate steps to meet our demand to end the cost-of-living and climate crisis by stopping new oil and gas. We need to start a rapid transformation to a fairer society, decided by ordinary people and paid for by those who are profiting from humanity's destruction.' >	No other issues (skip next question)		Neutral (e.g. simply reporting on the disruption, protesters, or message)		A moderate amount of information that informs a reasonable judgement
10/30/2025 12:16:20	Ró	BBC_2021-11-14_Cop26-Why-were_summary.html	Cop26: Why were there so few arrests at climate protests?	None at all	A little	A moderate amount	A little	Mass demonstrations during the COP2026 summit in Glasgow; disruption through e.g. blocking roads.	A moderate amount of information that informs a reasonable judgement	More than 1000	Blockade, Protesters physically attached to or on top of something	No identifiable demand	No other issues (skip next question)		Somewhat sympathetic (e.g. quoting positive reactions, supporting the message with facts)		Clear information that informs a full judgement
10/30/2025 12:22:21	Ró	Sky_2023-04-17_Just-Stop-Oil_summary.html	Just Stop Oil protesters arrested after halting play at World Snooker Championship	None at all	None at all	A moderate amount	A lot	Protestors disrupted sessions at the World Snooker Championships in Sheffield by jumping on the table and covering it in orange dye, thus disrupting the match. In the successful protest, the match was stopped and the table damaged.	Clear information that informs a full judgement	2-3	Temporary physical alterations (e.g. washable blood) or vandalism (costly or permanent damage), Interrupting an event or speech	"< The protest group's official Twitter page posted a video of the incident, stating that the protesters are demanding that the government immediately stop all new UK fossil fuel projects. They are also calling on UK sporting institutions to step into civil resistance against the government's policies, which they describe as ""genocidal."" >"	No other issues (skip next question)		Somewhat hostile (e.g. quoting only negative reactions)		Clear information that informs a full judgement
10/30/2025 12:28:33	Ró	Daily-Mail_2021-07-16_Six-Extinction-Rebellion_summary.html	Six Extinction Rebellion protestors are let off with £150 slap on the wrists for blockading national newspaper printing press in demo that stopped 3.5m papers reaching readers	A lot	None at all	A lot	A little	Protestors obstructed the highway after blockading a national newspaper printing press, disrupting the distribution of newspapers to 3,5 million readers and costing 1 million pounds in lost business revenue.	Clear information that informs a full judgement	31-100	Blockade, Protesters physically attached to or on top of something	"< The protest lasted 14 hours and targeted certain parts of the print media who, according to the defendants, ""failed to accurately report on the climate crisis and are guilty of corruption"". >"	No other issues (skip next question)		Neutral (e.g. simply reporting on the disruption, protesters, or message)		Clear information that informs a full judgement
10/30/2025 12:41:16	Ró	The-Times_2021-08-23_Officers-mobilised-as_summary.html	Officers mobilised as Extinction Rebellion protests kick off in Trafalgar Square	None at all	None at all	A little	None at all	Protestors erected a 13ft pink table at a junction near Leicester Square Tube station, thus blockading the area. Some protestors climbed on top of the table, locked themselves in, while others lay on the ground with their arms encased in suitcases packed with concrete.	Clear information that informs a full judgement	301-1000	Blockade, Protesters physically attached to or on top of something	No identifiable demand	No other issues (skip next question)		Neutral (e.g. simply reporting on the disruption, protesters, or message)		Enough information to inform a fairly confident judgement
10/30/2025 12:48:53	Ró	Telegraph_2022-10-16_Just-Stop-Oil_summary.html	Just Stop Oil protesters spray paint over Aston Martin showroom and block Park Lane	A lot	None at all	A little	None at all	Activists sprayed orange paint over an Aston Martin car showroom and blocked Park Lane in central London, with some activists gluing themselves on the tarmac or locking themselves together.	Clear information that informs a full judgement	301-1000	Temporary physical alterations (e.g. washable blood) or vandalism (costly or permanent damage), Blockade, Protesters physically attached to or on top of something	< The activists are calling for the Government to halt all new oil and gas licences and consents. >	No other issues (skip next question)		Somewhat sympathetic (e.g. quoting positive reactions, supporting the message with facts)		A small amount of information that informs a very rough judgement
10/30/2025 12:55:49	Ró	The-Guardian_2021-09-27_Climate-activists-block_summary.html	Climate activists block M25 for sixth time in fortnight over insulation	None at all	None at all	A lot	None at all	Activists staged a roadblock on or near the M25 (with some activists gluing themselves to the road and barriers on a slip road to the M25 junction), disrupting traffic for at least 90 minutes.	Clear information that informs a full judgement	31-100	Blockade, Protesters physically attached to or on top of something	< The group, an offshoot of Extinction Rebellion, vowed that the campaign would continue until the government took action to insulate homes. > < A spokeswoman for Insulate Britain maintained that the actual disruption was minor and that protesters were prepared to face the consequences of their actions in pursuit of their goal to pressure the government into insulating homes. >	No other issues (skip next question)		Neutral (e.g. simply reporting on the disruption, protesters, or message)		Clear information that informs a full judgement
10/30/2025 13:00:19	Ró	BBC_2022-04-30_Just-Stop-Oil_original.html	Just Stop Oil protests: Four charged over M25 services damage	A lot	None at all	A little	None at all	Activists blocked petrol stations and vandalised petrol pumps by breaking the display glass and spraying them with paint. Additionally activists glued themselves to pumps, signs and a lorry.	Clear information that informs a full judgement	31-100	Temporary physical alterations (e.g. washable blood) or vandalism (costly or permanent damage), Blockade, Protesters physically attached to or on top of something	No identifiable demand	No other issues (skip next question)		Neutral (e.g. simply reporting on the disruption, protesters, or message)		Clear information that informs a full judgement
